veg,density,density_m_sqr,surv_m_sqr
prairie,1,14.00560224,14.00560224
prairie,3,42.01680672,42.01680672
prairie,6,84.03361345,63.02521008
prairie,12,168.0672269,80.53221289
prairie,24,336.1344538,98.03921569
prairie,48,672.2689076,129.5518207
farm,1,14.00560224,14.00560224
farm,3,42.01680672,35.0140056
farm,6,84.03361345,56.02240896
farm,12,168.0672269,73.52941176
farm,24,336.1344538,87.53501401
farm,48,672.2689076,98.03921569
